Plateforme,Handle/URL,Email,Mot de passe vault,Followers J0,Notes
Gmail/Google Workspace,-,contact@shadowalpha.io,,0,Domaine shadowalpha.io
WhatsApp Business,+XXX XXXXXXXX,contact@shadowalpha.io,,0,SIM dédiée uniquement
Telegram Canal,@ShadowAlphaOfficial,contact@shadowalpha.io,,0,
Telegram Groupe,@ShadowAlphaCommunity,contact@shadowalpha.io,,0,
Facebook Page,ShadowAlphaIO,contact@shadowalpha.io,,0,Liée au Business Manager
Twitter / X,@ShadowAlpha_,contact@shadowalpha.io,,0,Nécessite X Premium
YouTube,@ShadowAlpha,contact@shadowalpha.io,,0,
LinkedIn Company,shadow-alpha-io,contact@shadowalpha.io,,0,
TikTok,@shadowalpha_,contact@shadowalpha.io,,0,Business Account
